"","enzyme","nps","Cycle","mean","sd"
"1","extaq","CK",1,8885.561,565.641281252232
"2","extaq","CK",2,8911.8995,558.138417709263
"3","extaq","CK",3,8915.599,527.521785107812
"4","extaq","CK",4,8951.8765,519.867149663258
"5","extaq","CK",5,8975.5955,520.739874435404
"6","extaq","CK",6,8979.47125,504.455922074714
"7","extaq","CK",7,9037.18775,557.330029146331
"8","extaq","CK",8,9219.04175,521.898600427564
"9","extaq","CK",9,9333.07525,537.51060886918
"10","extaq","CK",10,9432.66775,474.081202939872
"11","extaq","CK",11,9700.857,430.470422699013
"12","extaq","CK",12,10023.25775,396.785052518678
"13","extaq","CK",13,10551.27775,366.38941448444
"14","extaq","CK",14,11363.986,367.759896654507
"15","extaq","CK",15,12464.602,290.302623682024
"16","extaq","CK",16,13639.9475,273.963938094658
"17","extaq","CK",17,14936.5085,358.33485343042
"18","extaq","CK",18,16172.1605,471.460557639413
"19","extaq","CK",19,17483.582,638.722132766667
"20","extaq","CK",20,18894.46175,813.525428183358
"21","extaq","CK",21,20469.80375,985.790469448544
"22","extaq","CK",22,22059.101,1097.61214796272
"23","extaq","CK",23,23700.12725,1226.09121106231
"24","extaq","CK",24,25290.78075,1289.25762975168
"25","extaq","CK",25,26833.8725,1371.32082447167
"26","extaq","CK",26,28262.719,1546.39939049566
"27","extaq","CK",27,29660.2015,1669.33091574529
"28","extaq","CK",28,31014.3725,1823.19210563698
"29","extaq","CK",29,32184.759,1816.86422211806
"30","extaq","CK",30,33342.535,1724.45458092058
"31","extaq","CK",31,34469.93375,1728.7119363953
"32","extaq","CK",32,35547.919,1754.07717578731
"33","extaq","CK",33,36656.40725,1773.27541629013
"34","extaq","CK",34,37751.1085,1745.40062266719
"35","extaq","CK",35,38661.47275,1780.58568811901
"36","extaq","CK",36,39546.469,1750.32039752288
"37","extaq","CK",37,40500.991,1761.25535838239
"38","extaq","CK",38,41200.122,1777.5570257281
"39","extaq","CK",39,41962.78125,1747.86726540783
"40","extaq","CK",40,42557.00675,1756.27460453718
"41","extaq","ZnO",1,9414.1685,303.48636290999
"42","extaq","ZnO",2,9412.90975,317.377273929493
"43","extaq","ZnO",3,9358.0925,395.923318956671
"44","extaq","ZnO",4,9313.973,394.898628471493
"45","extaq","ZnO",5,9238.3855,357.875456053732
"46","extaq","ZnO",6,9202.021,336.806262804994
"47","extaq","ZnO",7,9185.0005,297.939229034491
"48","extaq","ZnO",8,9171.1025,359.945567844639
"49","extaq","ZnO",9,9227.7675,380.936483712179
"50","extaq","ZnO",10,9234.89425,364.847846603097
"51","extaq","ZnO",11,9245.62975,305.88933498285
"52","extaq","ZnO",12,9233.96125,286.902918727312
"53","extaq","ZnO",13,9218.40175,343.495784121994
"54","extaq","ZnO",14,9174.46675,354.215652841011
"55","extaq","ZnO",15,9187.104,349.443560324124
"56","extaq","ZnO",16,9191.3125,312.83883583138
"57","extaq","ZnO",17,9182.368,310.520406444837
"58","extaq","ZnO",18,9191.2295,257.856767456276
"59","extaq","ZnO",19,9150.9505,244.782924914436
"60","extaq","ZnO",20,9208.605,357.338879370829
"61","extaq","ZnO",21,9211.416,380.628831666756
"62","extaq","ZnO",22,9182.45525,310.573291000557
"63","extaq","ZnO",23,9189.861,377.038575517147
"64","extaq","ZnO",24,9235.951,398.954816299625
"65","extaq","ZnO",25,9289.24125,354.066123800225
"66","extaq","ZnO",26,9243.86325,336.203753183864
"67","extaq","ZnO",27,9179.1355,358.439588376712
"68","extaq","ZnO",28,9174.29625,504.31403790322
"69","extaq","ZnO",29,9222.40275,506.075833234094
"70","extaq","ZnO",30,9267.56625,420.395845733815
"71","extaq","ZnO",31,9198.264,386.588934060457
"72","extaq","ZnO",32,9182.6135,389.109664426796
"73","extaq","ZnO",33,9211.68225,375.627371589075
"74","extaq","ZnO",34,9194.964,385.382723005758
"75","extaq","ZnO",35,9179.8795,413.969822053493
"76","extaq","ZnO",36,9038.36825,419.963868861258
"77","extaq","ZnO",37,9024.707,415.233558954476
"78","extaq","ZnO",38,9179.116,413.15395513295
"79","extaq","ZnO",39,9215.96675,395.558562037173
"80","extaq","ZnO",40,9267.9795,291.422610303891
"81","extaq","Fe2O3",1,9019.37825,402.842235262868
"82","extaq","Fe2O3",2,9024.8195,384.104146652527
"83","extaq","Fe2O3",3,9012.31725,350.059257164055
"84","extaq","Fe2O3",4,9051.7765,328.854454041602
"85","extaq","Fe2O3",5,9127.01775,340.980192070229
"86","extaq","Fe2O3",6,9158.747,352.57561496602
"87","extaq","Fe2O3",7,9181.1955,372.379628612611
"88","extaq","Fe2O3",8,9281.135,430.278708802407
"89","extaq","Fe2O3",9,9405.38,461.038056590415
"90","extaq","Fe2O3",10,9612.384,388.770987538079
"91","extaq","Fe2O3",11,9900.606,425.607614605285
"92","extaq","Fe2O3",12,10386.94725,424.243910014334
"93","extaq","Fe2O3",13,10934.49625,444.876400050902
"94","extaq","Fe2O3",14,11752.04875,630.905980176853
"95","extaq","Fe2O3",15,12686.14775,855.248950379703
"96","extaq","Fe2O3",16,13582.51425,1018.47989473901
"97","extaq","Fe2O3",17,14528.633,1164.8706239118
"98","extaq","Fe2O3",18,15492.146,1246.61960494451
"99","extaq","Fe2O3",19,16578.1065,1454.23980774573
"100","extaq","Fe2O3",20,17785.4835,1604.10969493579
"101","extaq","Fe2O3",21,19038.51375,1684.86961622898
"102","extaq","Fe2O3",22,20331.259,1881.9661391504
"103","extaq","Fe2O3",23,21687.19475,1973.02136559345
"104","extaq","Fe2O3",24,23113.30075,2188.82483033391
"105","extaq","Fe2O3",25,24390.86525,2251.38082296804
"106","extaq","Fe2O3",26,25734.30425,2310.05908345095
"107","extaq","Fe2O3",27,27035.477,2390.83369531899
"108","extaq","Fe2O3",28,28220.31225,2506.00712911162
"109","extaq","Fe2O3",29,29441.95225,2629.01960367667
"110","extaq","Fe2O3",30,30649.5405,2581.2177943075
"111","extaq","Fe2O3",31,31793.771,2720.21582485532
"112","extaq","Fe2O3",32,32868.46175,2808.18471994079
"113","extaq","Fe2O3",33,33924.822,2841.93084771076
"114","extaq","Fe2O3",34,34887.6215,2784.23357228119
"115","extaq","Fe2O3",35,35804.66475,2768.9570464608
"116","extaq","Fe2O3",36,36753.72175,2773.0122124886
"117","extaq","Fe2O3",37,37605.1365,2773.48588403529
"118","extaq","Fe2O3",38,38316.458,2906.33603685511
"119","extaq","Fe2O3",39,39013.3965,2957.34802952403
"120","extaq","Fe2O3",40,39690.26475,2853.65456664051
"121","extaq","CeO2",1,9047.00475,368.454762396846
"122","extaq","CeO2",2,9038.16575,367.443601965775
"123","extaq","CeO2",3,9003.95075,311.91518190514
"124","extaq","CeO2",4,8967.55425,201.322697916181
"125","extaq","CeO2",5,8917.40325,170.841265591533
"126","extaq","CeO2",6,8923.732,332.712043329764
"127","extaq","CeO2",7,9009.00775,413.110217509706
"128","extaq","CeO2",8,9101.18425,384.81528074335
"129","extaq","CeO2",9,9165.444,372.974445990606
"130","extaq","CeO2",10,9209.0725,322.558156001364
"131","extaq","CeO2",11,9199.19875,309.604026331889
"132","extaq","CeO2",12,9190.058,353.890978393064
"133","extaq","CeO2",13,9171.11125,436.498869807147
"134","extaq","CeO2",14,9182.90575,416.921354553729
"135","extaq","CeO2",15,9245.79025,390.071880085688
"136","extaq","CeO2",16,9243.21925,483.626888668234
"137","extaq","CeO2",17,9175.01425,491.122332079883
"138","extaq","CeO2",18,9204.3815,452.889709040732
"139","extaq","CeO2",19,9277.0585,395.142528380583
"140","extaq","CeO2",20,9333.89025,380.444430015192
"141","extaq","CeO2",21,9377.327,395.922880415702
"142","extaq","CeO2",22,9445.3675,414.887403807747
"143","extaq","CeO2",23,9438.67725,456.273435858642
"144","extaq","CeO2",24,9441.9225,453.667037804527
"145","extaq","CeO2",25,9521.513,422.488944620645
"146","extaq","CeO2",26,9549.909,380.49929865288
"147","extaq","CeO2",27,9536.8825,463.995305309942
"148","extaq","CeO2",28,9588.5735,514.363014548092
"149","extaq","CeO2",29,9658.61075,518.472662308165
"150","extaq","CeO2",30,9629.236,523.983211897098
"151","extaq","CeO2",31,9658.682,554.298771250668
"152","extaq","CeO2",32,9801.96275,622.107759808741
"153","extaq","CeO2",33,9825.98725,639.62577212845
"154","extaq","CeO2",34,9840.98125,650.402857020876
"155","extaq","CeO2",35,9841.679,760.858399715743
"156","extaq","CeO2",36,9920.66525,881.290713688121
"157","extaq","CeO2",37,10063.74275,807.974844407248
"158","extaq","CeO2",38,10131.48725,885.741804999017
"159","extaq","CeO2",39,10135.19025,873.260896181806
"160","extaq","CeO2",40,10211.55,753.261529086679
"161","extaq","Fe3O4",1,9390.78425,549.507245646118
"162","extaq","Fe3O4",2,9405.63575,560.676945261336
"163","extaq","Fe3O4",3,9451.95275,582.35641977594
"164","extaq","Fe3O4",4,9452.93925,533.512104096602
"165","extaq","Fe3O4",5,9482.24525,449.237973056133
"166","extaq","Fe3O4",6,9572.78925,421.253599113705
"167","extaq","Fe3O4",7,9602.933,469.698843592359
"168","extaq","Fe3O4",8,9654.844,526.087030535823
"169","extaq","Fe3O4",9,9841.6635,435.151089583453
"170","extaq","Fe3O4",10,9954.832,422.435664141495
"171","extaq","Fe3O4",11,10305.83225,356.742280940901
"172","extaq","Fe3O4",12,10685.391,336.998289165785
"173","extaq","Fe3O4",13,11197.456,294.0184999769
"174","extaq","Fe3O4",14,11998.4055,362.194652107123
"175","extaq","Fe3O4",15,13129.6585,486.401673369859
"176","extaq","Fe3O4",16,14214.88475,452.998530340056
"177","extaq","Fe3O4",17,15303.574,570.97918155802
"178","extaq","Fe3O4",18,16416.64625,680.88079564555
"179","extaq","Fe3O4",19,17568.40575,812.75495777361
"180","extaq","Fe3O4",20,18838.659,925.556567210958
"181","extaq","Fe3O4",21,20260.53825,1155.65657040356
"182","extaq","Fe3O4",22,21837.62275,1327.93750758143
"183","extaq","Fe3O4",23,23339.63,1630.6537330717
"184","extaq","Fe3O4",24,24796.1055,1716.46665632038
"185","extaq","Fe3O4",25,26260.347,1793.21445648645
"186","extaq","Fe3O4",26,27712.01575,1866.24512943528
"187","extaq","Fe3O4",27,29075.3135,2045.8289323425
"188","extaq","Fe3O4",28,30353.84325,2216.53457659208
"189","extaq","Fe3O4",29,31574.89525,2237.72131681724
"190","extaq","Fe3O4",30,32863.5765,2404.73230588389
"191","extaq","Fe3O4",31,34049.457,2404.60183932226
"192","extaq","Fe3O4",32,35179.22275,2426.2553800478
"193","extaq","Fe3O4",33,36250.70075,2512.84321533655
"194","extaq","Fe3O4",34,37320.295,2542.8639466663
"195","extaq","Fe3O4",35,38319.633,2583.93309902882
"196","extaq","Fe3O4",36,39147.91,2769.63856569433
"197","extaq","Fe3O4",37,39886.42575,2830.00844544127
"198","extaq","Fe3O4",38,40774.458,2856.63227537778
"199","extaq","Fe3O4",39,41612.211,2781.92679119539
"200","extaq","Fe3O4",40,42300.909,2864.97533678215
"201","extaq","Al2O3",1,9225.54975,279.360638716785
"202","extaq","Al2O3",2,9266.41925,315.81823682447
"203","extaq","Al2O3",3,9231.50225,306.626272098326
"204","extaq","Al2O3",4,9194.1545,311.372178108986
"205","extaq","Al2O3",5,9140.66725,332.320404219958
"206","extaq","Al2O3",6,9141.95575,323.758070648826
"207","extaq","Al2O3",7,9288.1485,318.078911584846
"208","extaq","Al2O3",8,9450.9435,283.666623251662
"209","extaq","Al2O3",9,9540.6955,310.929316812788
"210","extaq","Al2O3",10,9867.9985,276.042959427815
"211","extaq","Al2O3",11,10228.108,256.891097319467
"212","extaq","Al2O3",12,10877.68875,443.937181596207
"213","extaq","Al2O3",13,11723.86,501.941610849309
"214","extaq","Al2O3",14,12835.0745,786.79024936362
"215","extaq","Al2O3",15,14159.35675,992.945561430694
"216","extaq","Al2O3",16,15371.05075,1215.2540283906
"217","extaq","Al2O3",17,16554.0195,1387.38543250209
"218","extaq","Al2O3",18,17791.63925,1725.7112672668
"219","extaq","Al2O3",19,19242.27325,1954.64250701765
"220","extaq","Al2O3",20,20699.55625,2199.39353488356
"221","extaq","Al2O3",21,22269.0895,2516.62428155979
"222","extaq","Al2O3",22,23953.40675,2807.10032704134
"223","extaq","Al2O3",23,25351.4165,2986.42117449772
"224","extaq","Al2O3",24,26733.53275,3372.25075079759
"225","extaq","Al2O3",25,28200.065,3584.19599630108
"226","extaq","Al2O3",26,29601.5915,3614.82375382244
"227","extaq","Al2O3",27,30818.471,3872.36269908472
"228","extaq","Al2O3",28,32069.4285,4124.47191073383
"229","extaq","Al2O3",29,33293.7945,4203.19866028437
"230","extaq","Al2O3",30,34417.62225,4310.57029835893
"231","extaq","Al2O3",31,35425.21525,4387.74320552243
"232","extaq","Al2O3",32,36340.0155,4423.40320667504
"233","extaq","Al2O3",33,37233.00175,4436.85913488865
"234","extaq","Al2O3",34,38186.854,4537.63045785059
"235","extaq","Al2O3",35,39208.935,4728.64910034349
"236","extaq","Al2O3",36,39989.53725,4825.14876132604
"237","extaq","Al2O3",37,40713.17675,4783.23210713609
"238","extaq","Al2O3",38,41457.06375,4673.40065496475
"239","extaq","Al2O3",39,42230.41275,4880.45807372425
"240","extaq","Al2O3",40,42679.04875,4972.28925701803
"241","extaq","CuO",1,9424.69475,637.087828918627
"242","extaq","CuO",2,9444.486,653.427539548698
"243","extaq","CuO",3,9435.32075,640.991535642697
"244","extaq","CuO",4,9476.4465,613.270906925315
"245","extaq","CuO",5,9550.235,624.049445008434
"246","extaq","CuO",6,9562.7525,513.764774984622
"247","extaq","CuO",7,9616.07775,489.737245166137
"248","extaq","CuO",8,9708.512,609.369554367463
"249","extaq","CuO",9,9836.64925,638.31368461302
"250","extaq","CuO",10,9978.65775,596.410798050233
"251","extaq","CuO",11,10193.1185,500.147477313442
"252","extaq","CuO",12,10490.70525,533.361671520915
"253","extaq","CuO",13,10925.27125,529.910511532765
"254","extaq","CuO",14,11525.72875,524.282574112711
"255","extaq","CuO",15,12414.87375,608.636125426556
"256","extaq","CuO",16,13278.23425,724.627863283113
"257","extaq","CuO",17,14118.984,925.980622648588
"258","extaq","CuO",18,15042.7675,1171.87923774039
"259","extaq","CuO",19,16074.386,1412.66088992393
"260","extaq","CuO",20,17143.637,1685.91616153829
"261","extaq","CuO",21,18267.4975,1959.40030346609
"262","extaq","CuO",22,19539.51575,2300.82971992444
"263","extaq","CuO",23,20779.0665,2565.73358354143
"264","extaq","CuO",24,22010.61,2792.57227856815
"265","extaq","CuO",25,23285.10225,3073.83142813562
"266","extaq","CuO",26,24613.25175,3354.07370589928
"267","extaq","CuO",27,25889.1485,3657.76995037263
"268","extaq","CuO",28,26976.2215,3872.0665722164
"269","extaq","CuO",29,28255.413,4118.08997693599
"270","extaq","CuO",30,29420.686,4163.66011994375
"271","extaq","CuO",31,30445.98525,4417.27993602212
"272","extaq","CuO",32,31611.21725,4658.7725388148
"273","extaq","CuO",33,32590.91475,4858.43321558116
"274","extaq","CuO",34,33655.48275,4921.4167655119
"275","extaq","CuO",35,34554.79025,5113.02578341347
"276","extaq","CuO",36,35359.12625,5317.5895930545
"277","extaq","CuO",37,36236.52225,5432.18432901765
"278","extaq","CuO",38,37036.869,5482.04902902367
"279","extaq","CuO",39,37705.35925,5578.23133378322
"280","extaq","CuO",40,38417.668,5593.08670845148
"281","extaq","TiO2",1,9019.37975,553.736315554239
"282","extaq","TiO2",2,8997.75,574.058566101636
"283","extaq","TiO2",3,8989.7005,634.648006243093
"284","extaq","TiO2",4,8969.97775,644.649590811098
"285","extaq","TiO2",5,8938.04125,651.919424718206
"286","extaq","TiO2",6,8943.48075,645.463284028546
"287","extaq","TiO2",7,8927.4705,601.665057687138
"288","extaq","TiO2",8,8923.75575,598.897157797773
"289","extaq","TiO2",9,9038.11825,641.940471737255
"290","extaq","TiO2",10,9116.777,648.188877971537
"291","extaq","TiO2",11,9107.594,667.702733169485
"292","extaq","TiO2",12,9131.1095,672.392192980902
"293","extaq","TiO2",13,9176.949,662.687644176852
"294","extaq","TiO2",14,9216.1435,650.476069874211
"295","extaq","TiO2",15,9209.34375,668.534406922275
"296","extaq","TiO2",16,9231.233,653.766310872114
"297","extaq","TiO2",17,9300.5595,665.238806988137
"298","extaq","TiO2",18,9401.82375,664.359109914397
"299","extaq","TiO2",19,9439.78225,614.435443904606
"300","extaq","TiO2",20,9448.77775,621.791513709311
"301","extaq","TiO2",21,9509.58325,628.281217580884
"302","extaq","TiO2",22,9598.09275,659.190768472666
"303","extaq","TiO2",23,9663.33675,641.956924367659
"304","extaq","TiO2",24,9730.86075,705.482963253013
"305","extaq","TiO2",25,9788.277,754.131438400937
"306","extaq","TiO2",26,9922.91425,747.821467042045
"307","extaq","TiO2",27,9941.534,724.954380561977
"308","extaq","TiO2",28,9938.66675,724.846427335876
"309","extaq","TiO2",29,10052.11525,729.607305170561
"310","extaq","TiO2",30,10127.97125,768.811566414196
"311","extaq","TiO2",31,10204.06775,848.965020873603
"312","extaq","TiO2",32,10339.79675,796.14902209087
"313","extaq","TiO2",33,10429.2795,843.974131888927
"314","extaq","TiO2",34,10550.849,947.271490754015
"315","extaq","TiO2",35,10630.852,1033.32746483162
"316","extaq","TiO2",36,10746.952,1153.61722357317
"317","extaq","TiO2",37,10873.758,1197.27928637195
"318","extaq","TiO2",38,11001.4495,1232.37991064295
"319","extaq","TiO2",39,11176.70025,1308.97973337313
"320","extaq","TiO2",40,11314.3875,1374.88279428454
"321","phusion","CK",1,37897.43775,4315.88255432261
"322","phusion","CK",2,37808.911,4468.36721021367
"323","phusion","CK",3,37728.775,4711.36334226764
"324","phusion","CK",4,37716.87275,4714.87287604458
"325","phusion","CK",5,37785.68275,4727.74168073661
"326","phusion","CK",6,37997.252,4848.32554325931
"327","phusion","CK",7,38362.45525,4704.82304728771
"328","phusion","CK",8,39188.13175,4609.17097117095
"329","phusion","CK",9,40810.97075,4615.96226007307
"330","phusion","CK",10,43298.60225,4515.10773841765
"331","phusion","CK",11,47432.87975,4363.29329072726
"332","phusion","CK",12,54100.78225,4105.85412795075
"333","phusion","CK",13,64313.0185,3861.91249504642
"334","phusion","CK",14,79420.30475,3502.65063259387
"335","phusion","CK",15,100371.50175,2974.0063827911
"336","phusion","CK",16,127521.264,2908.23985079739
"337","phusion","CK",17,159342.72275,4574.67392615155
"338","phusion","CK",18,192740.375,7966.11262596499
"339","phusion","CK",19,223823.21475,11939.2300882776
"340","phusion","CK",20,249939.51575,15382.4353544886
"341","phusion","CK",21,270365.0625,18108.8891448323
"342","phusion","CK",22,285297.7695,20186.2906775165
"343","phusion","CK",23,295779.2655,21012.5753279313
"344","phusion","CK",24,303407.21075,20636.173111914
"345","phusion","CK",25,308590.2735,20552.8343584688
"346","phusion","CK",26,311640.76575,19473.5859670749
"347","phusion","CK",27,313786.10925,18760.0098299272
"348","phusion","CK",28,315658.9375,19806.3297382974
"349","phusion","CK",29,316674.469,19462.6682159369
"350","phusion","CK",30,317371.65625,19038.1212341404
"351","phusion","CK",31,317499.99225,19376.6771575303
"352","phusion","CK",32,317615.789,19673.249802706
"353","phusion","CK",33,317572.20325,19597.0003175909
"354","phusion","CK",34,317330.72625,18740.4624597722
"355","phusion","CK",35,317723.80475,19156.2635167273
"356","phusion","CK",36,317948.53925,19363.1339948179
"357","phusion","CK",37,317432.82025,19039.2112594076
"358","phusion","CK",38,316543.164,18615.5938679632
"359","phusion","CK",39,315997.2265,17655.3734628808
"360","phusion","CK",40,315755.148,16936.1198419507
"361","phusion","ZnO",1,37086.47675,2051.18326825557
"362","phusion","ZnO",2,37156.11425,2136.84510468048
"363","phusion","ZnO",3,37156.422,2239.21815611149
"364","phusion","ZnO",4,37070.9795,2473.04106065258
"365","phusion","ZnO",5,37116.30775,2622.01351466252
"366","phusion","ZnO",6,37332.55675,2769.36142622053
"367","phusion","ZnO",7,37550.84075,2805.90823492423
"368","phusion","ZnO",8,37782.3965,2894.44044298612
"369","phusion","ZnO",9,38483.69325,2988.71480016393
"370","phusion","ZnO",10,39618.28825,2922.68481865748
"371","phusion","ZnO",11,41276.96775,2837.01665519355
"372","phusion","ZnO",12,44061.7735,2757.34355975814
"373","phusion","ZnO",13,48319.04125,2503.4933689703
"374","phusion","ZnO",14,54480.175,2170.92363267911
"375","phusion","ZnO",15,63514.89375,1975.05001278067
"376","phusion","ZnO",16,76209.957,2121.66119638913
"377","phusion","ZnO",17,92996.21675,3009.92796237732
"378","phusion","ZnO",18,113848.85925,4604.06203716336
"379","phusion","ZnO",19,137067.422,6237.28711375135
"380","phusion","ZnO",20,160207.76175,7274.75544942922
"381","phusion","ZnO",21,181301.19925,8220.12148428239
"382","phusion","ZnO",22,199817.625,8623.17155113527
"383","phusion","ZnO",23,215802.242,9094.80991238369
"384","phusion","ZnO",24,229315.97675,8827.20141627997
"385","phusion","ZnO",25,240207.78525,8526.42818286501
"386","phusion","ZnO",26,249308.95275,8526.11325157513
"387","phusion","ZnO",27,256508.06625,8543.23202551442
"388","phusion","ZnO",28,261655.664,7989.93058971408
"389","phusion","ZnO",29,265561.16025,8613.95407277423
"390","phusion","ZnO",30,268806.46475,8657.7961059782
"391","phusion","ZnO",31,270844.46075,8416.43725904981
"392","phusion","ZnO",32,272413.992,8185.80031707572
"393","phusion","ZnO",33,273475.60175,8471.0301147512
"394","phusion","ZnO",34,274790.133,8269.33227942482
"395","phusion","ZnO",35,275231.29675,8625.5824848382
"396","phusion","ZnO",36,275155.9375,8728.19439563951
"397","phusion","ZnO",37,275220.578,8978.2994222567
"398","phusion","ZnO",38,275273.125,9781.59951089743
"399","phusion","ZnO",39,274503.17975,9848.47491847091
"400","phusion","ZnO",40,275368.828,9431.7787691534
"401","phusion","Fe2O3",1,33680.34325,2241.26069722591
"402","phusion","Fe2O3",2,33687.90825,2284.678211506
"403","phusion","Fe2O3",3,33615.6875,2253.12561575256
"404","phusion","Fe2O3",4,33522.8305,2218.84327829382
"405","phusion","Fe2O3",5,33316.9025,2199.43891485647
"406","phusion","Fe2O3",6,33243.39875,2179.22346671964
"407","phusion","Fe2O3",7,33279.24,2186.96479355674
"408","phusion","Fe2O3",8,33413.43175,2188.98421427297
"409","phusion","Fe2O3",9,33638.38575,2129.12696844934
"410","phusion","Fe2O3",10,34167.57925,2214.96000150798
"411","phusion","Fe2O3",11,35092.362,2509.31310278557
"412","phusion","Fe2O3",12,36392.076,3040.41089063578
"413","phusion","Fe2O3",13,38502.7735,3830.44294086384
"414","phusion","Fe2O3",14,41791.88275,5020.65757508479
"415","phusion","Fe2O3",15,46913.83675,6957.44383662426
"416","phusion","Fe2O3",16,54279.7755,9970.8902480431
"417","phusion","Fe2O3",17,64944.83125,14227.7181857659
"418","phusion","Fe2O3",18,79760.6955,19857.5217202689
"419","phusion","Fe2O3",19,99134.496,26528.528613728
"420","phusion","Fe2O3",20,122830.7245,33559.4516402929
"421","phusion","Fe2O3",21,148860.4355,39546.6638989545
"422","phusion","Fe2O3",22,174853.44725,42989.9393323129
"423","phusion","Fe2O3",23,198870.25375,44091.887338934
"424","phusion","Fe2O3",24,219397.617,42781.5954272058
"425","phusion","Fe2O3",25,236226.1795,40772.1690397988
"426","phusion","Fe2O3",26,249470.9415,38171.5566516265
"427","phusion","Fe2O3",27,259419.06275,35389.3557480607
"428","phusion","Fe2O3",28,266667.42975,33120.6458280644
"429","phusion","Fe2O3",29,272008,30975.4957564054
"430","phusion","Fe2O3",30,275986.691,29438.7054571761
"431","phusion","Fe2O3",31,278710.28925,27833.8925754474
"432","phusion","Fe2O3",32,280863.21875,27103.5759120134
"433","phusion","Fe2O3",33,282704.711,26222.4518331016
"434","phusion","Fe2O3",34,283231.2695,25626.7796324941
"435","phusion","Fe2O3",35,283945.3515,24595.6653979126
"436","phusion","Fe2O3",36,284563.46875,24692.7350845726
"437","phusion","Fe2O3",37,285163.4255,24872.2814889307
"438","phusion","Fe2O3",38,284261.84,25857.0940284144
"439","phusion","Fe2O3",39,283579.7345,27045.6348260607
"440","phusion","Fe2O3",40,283443.043,27875.9869376985
"441","phusion","CeO2",1,35390.7215,2268.35836587763
"442","phusion","CeO2",2,35344.422,2250.39592863404
"443","phusion","CeO2",3,35067.57925,2188.88699418866
"444","phusion","CeO2",4,34779.271,2168.01035824079
"445","phusion","CeO2",5,34480.787,2209.78232468509
"446","phusion","CeO2",6,34134.19525,2262.37651728286
"447","phusion","CeO2",7,33815.997,2235.39621012428
"448","phusion","CeO2",8,33584.09025,2265.86606058278
"449","phusion","CeO2",9,33360.96,2478.35347638763
"450","phusion","CeO2",10,33129.0895,2509.05250017884
"451","phusion","CeO2",11,32785.857,2369.72336719809
"452","phusion","CeO2",12,32493.0695,2436.50644350506
"453","phusion","CeO2",13,32330.058,2536.53541654294
"454","phusion","CeO2",14,32202.32475,2632.77417973151
"455","phusion","CeO2",15,32026.41025,2700.49697901484
"456","phusion","CeO2",16,31884.63525,2732.76064278895
"457","phusion","CeO2",17,31813.39075,2793.60473321124
"458","phusion","CeO2",18,31662.093,2879.62613515459
"459","phusion","CeO2",19,31546.60875,2917.18287463372
"460","phusion","CeO2",20,31479.27825,2837.43370466594
"461","phusion","CeO2",21,31408.121,2845.01876589487
"462","phusion","CeO2",22,31359.3605,2972.66509932602
"463","phusion","CeO2",23,31241.64125,3048.3193922778
"464","phusion","CeO2",24,31179.10775,3110.95933525865
"465","phusion","CeO2",25,31051.54875,3151.47835465192
"466","phusion","CeO2",26,30926.84275,3099.97255581705
"467","phusion","CeO2",27,30904.6115,3038.31364173116
"468","phusion","CeO2",28,30778.8495,3076.07837859316
"469","phusion","CeO2",29,30716.797,3143.85169036528
"470","phusion","CeO2",30,30711.75175,3143.494241567
"471","phusion","CeO2",31,30667.90075,3136.78098528479
"472","phusion","CeO2",32,30522.789,3158.87636316112
"473","phusion","CeO2",33,30431.85575,3200.27810457168
"474","phusion","CeO2",34,30391.96625,3287.86828511609
"475","phusion","CeO2",35,30404.90825,3432.39980653102
"476","phusion","CeO2",36,30298.731,3355.85786638955
"477","phusion","CeO2",37,30231.26125,3351.21326150042
"478","phusion","CeO2",38,30208.88975,3420.68978732218
"479","phusion","CeO2",39,30112.6435,3501.85090739726
"480","phusion","CeO2",40,30114.16825,3575.50183884821
"481","phusion","Fe3O4",1,34332.505,844.500691033861
"482","phusion","Fe3O4",2,34297.68775,877.906256245839
"483","phusion","Fe3O4",3,34132.409,841.519881135321
"484","phusion","Fe3O4",4,34010.0195,781.004484240007
"485","phusion","Fe3O4",5,33934.8025,763.623325676781
"486","phusion","Fe3O4",6,33976.204,753.894282213802
"487","phusion","Fe3O4",7,34294.5585,736.075470604067
"488","phusion","Fe3O4",8,34828.48575,834.127678668107
"489","phusion","Fe3O4",9,35711.3085,1232.71640064493
"490","phusion","Fe3O4",10,37248.32725,1576.86796426363
"491","phusion","Fe3O4",11,39546.9225,1888.28200344625
"492","phusion","Fe3O4",12,43193.02525,2631.03911447415
"493","phusion","Fe3O4",13,48689.034,3762.97882889659
"494","phusion","Fe3O4",14,57026.965,5346.84161177388
"495","phusion","Fe3O4",15,69147.668,7607.0331046066
"496","phusion","Fe3O4",16,85970.29875,10631.022435269
"497","phusion","Fe3O4",17,108037.86525,13939.0498886525
"498","phusion","Fe3O4",18,134894.44925,17362.6960076586
"499","phusion","Fe3O4",19,164568.25775,19919.9211892663
"500","phusion","Fe3O4",20,194060.367,21161.7376197442
"501","phusion","Fe3O4",21,220363.9765,21034.7555479289
"502","phusion","Fe3O4",22,241592.76575,20161.0009728593
"503","phusion","Fe3O4",23,258316.23025,19041.4860722683
"504","phusion","Fe3O4",24,270774.00775,18031.750371401
"505","phusion","Fe3O4",25,279898.95325,17329.4771610155
"506","phusion","Fe3O4",26,285956.50025,16606.6991922827
"507","phusion","Fe3O4",27,289995.328,15973.7660776533
"508","phusion","Fe3O4",28,292866.07825,14914.2534005503
"509","phusion","Fe3O4",29,295356.57825,14842.3050788913
"510","phusion","Fe3O4",30,297149.8825,14551.1676066777
"511","phusion","Fe3O4",31,297457.42175,14323.296930977
"512","phusion","Fe3O4",32,297731.50025,14235.588830564
"513","phusion","Fe3O4",33,297965.54675,14155.5485483105
"514","phusion","Fe3O4",34,297927.0625,13657.2791080219
"515","phusion","Fe3O4",35,298589.69525,13663.6743710515
"516","phusion","Fe3O4",36,298565.11725,13403.7746125732
"517","phusion","Fe3O4",37,298005.164,13375.1663369887
"518","phusion","Fe3O4",38,297563.078,13673.4521497521
"519","phusion","Fe3O4",39,297100.98425,13282.0767145866
"520","phusion","Fe3O4",40,297038.28875,12313.6240336192
"521","phusion","Al2O3",1,33546.346,1150.96047531471
"522","phusion","Al2O3",2,33441.17175,1176.16460610845
"523","phusion","Al2O3",3,33094.295,1131.867868295
"524","phusion","Al2O3",4,32742.6465,1115.47425579213
"525","phusion","Al2O3",5,32396.965,1142.49980612632
"526","phusion","Al2O3",6,32053.11575,1125.07238935824
"527","phusion","Al2O3",7,31739.99475,1094.6965888438
"528","phusion","Al2O3",8,31477.7735,1042.03674133065
"529","phusion","Al2O3",9,31330.799,1029.10947924795
"530","phusion","Al2O3",10,31059.08575,1039.21896368358
"531","phusion","Al2O3",11,30775.02225,1026.61678585354
"532","phusion","Al2O3",12,30544.1785,1081.20443069461
"533","phusion","Al2O3",13,30349.22025,1106.61205685955
"534","phusion","Al2O3",14,30204.874,1131.81895453822
"535","phusion","Al2O3",15,30063.05875,1080.01352069727
"536","phusion","Al2O3",16,29892.30025,1074.75066338985
"537","phusion","Al2O3",17,29727.7315,1072.15412135709
"538","phusion","Al2O3",18,29581.5465,1014.13927071466
"539","phusion","Al2O3",19,29474.5315,1019.59113878211
"540","phusion","Al2O3",20,29417.04725,1037.40967549545
"541","phusion","Al2O3",21,29271.9635,1019.49616885613
"542","phusion","Al2O3",22,29088.084,1102.45385362019
"543","phusion","Al2O3",23,28924.1735,1093.15375573414
"544","phusion","Al2O3",24,28880.9605,1043.75818900181
"545","phusion","Al2O3",25,28812.2725,1023.88194141984
"546","phusion","Al2O3",26,28753.3305,997.154045361934
"547","phusion","Al2O3",27,28733.209,1092.5504240455
"548","phusion","Al2O3",28,28617.1065,1093.0994348855
"549","phusion","Al2O3",29,28474.203,1100.5151776294
"550","phusion","Al2O3",30,28323.954,1125.02664720826
"551","phusion","Al2O3",31,28196.498,1103.74523241251
"552","phusion","Al2O3",32,28100.93125,1109.21781803857
"553","phusion","Al2O3",33,28068.7965,1147.84891404909
"554","phusion","Al2O3",34,27954.52175,1073.09442533214
"555","phusion","Al2O3",35,27830.55625,1022.51268577668
"556","phusion","Al2O3",36,27731.523,1028.86349172505
"557","phusion","Al2O3",37,27691.17325,1012.29239457625
"558","phusion","Al2O3",38,27589.437,932.431870470259
"559","phusion","Al2O3",39,27528.40625,882.839042694032
"560","phusion","Al2O3",40,27539.15825,919.298678812415
"561","phusion","CuO",1,34467.84875,1547.35175793534
"562","phusion","CuO",2,34463.1335,1522.98799537346
"563","phusion","CuO",3,34368.68225,1542.06837986893
"564","phusion","CuO",4,34237.27425,1559.00303452503
"565","phusion","CuO",5,34175.4375,1663.54226076176
"566","phusion","CuO",6,34258.724,1693.88167022631
"567","phusion","CuO",7,34551.42175,1626.2263561662
"568","phusion","CuO",8,35051.05275,1544.04668616278
"569","phusion","CuO",9,36062.31075,1587.79383645325
"570","phusion","CuO",10,37650.63775,1645.9065545677
"571","phusion","CuO",11,40113.12675,1787.5630431647
"572","phusion","CuO",12,44196.7365,1943.94135398739
"573","phusion","CuO",13,50399.251,2236.60826785589
"574","phusion","CuO",14,59832.72175,2553.56116045499
"575","phusion","CuO",15,73385.584,3204.37689382225
"576","phusion","CuO",16,92235.19925,3962.45767874563
"577","phusion","CuO",17,116772.58225,4866.54581995077
"578","phusion","CuO",18,146013.3045,6144.26261540128
"579","phusion","CuO",19,177523.621,7762.90608633187
"580","phusion","CuO",20,208126.58975,9390.32603032393
"581","phusion","CuO",21,234391.289,10994.6056138809
"582","phusion","CuO",22,255367.84375,12633.3216048955
"583","phusion","CuO",23,271155.32425,13777.3120212625
"584","phusion","CuO",24,282821.6405,14628.7360781478
"585","phusion","CuO",25,291083.047,15252.3879590216
"586","phusion","CuO",26,296522.375,15553.3823219412
"587","phusion","CuO",27,300810.5315,16056.0167158794
"588","phusion","CuO",28,304536.41375,16986.2130783359
"589","phusion","CuO",29,306153.96075,16125.9196654363
"590","phusion","CuO",30,307445.39825,16527.5731230275
"591","phusion","CuO",31,308857.414,16637.0273285842
"592","phusion","CuO",32,309906.69525,16087.9128130922
"593","phusion","CuO",33,310047.50775,16112.9615946334
"594","phusion","CuO",34,310204.46075,15968.265919812
"595","phusion","CuO",35,310553.52325,15230.3846915929
"596","phusion","CuO",36,310913.35175,14911.6086209739
"597","phusion","CuO",37,310485.07025,14695.7386209431
"598","phusion","CuO",38,310319.12525,14032.4897282923
"599","phusion","CuO",39,310185.38275,13699.5982313836
"600","phusion","CuO",40,309994.88275,14181.0586490257
"601","phusion","TiO2",1,33100.32125,1101.7397296804
"602","phusion","TiO2",2,32997.554,1177.7229705484
"603","phusion","TiO2",3,32701.917,1277.5140185467
"604","phusion","TiO2",4,32416.758,1264.20131637515
"605","phusion","TiO2",5,32081.604,1264.7838229239
"606","phusion","TiO2",6,31667.61675,1347.42040018186
"607","phusion","TiO2",7,31380.72275,1344.62579779143
"608","phusion","TiO2",8,31127.9255,1283.57393112967
"609","phusion","TiO2",9,30845.91275,1328.99060303334
"610","phusion","TiO2",10,30630.67425,1433.30297621807
"611","phusion","TiO2",11,30351.71075,1428.60703940572
"612","phusion","TiO2",12,30127.855,1389.85147177411
"613","phusion","TiO2",13,29989.66125,1357.74174342113
"614","phusion","TiO2",14,29835.85175,1343.13556438343
"615","phusion","TiO2",15,29709.0805,1361.0790305346
"616","phusion","TiO2",16,29530.414,1216.18851632001
"617","phusion","TiO2",17,29434.31875,1199.15774023086
"618","phusion","TiO2",18,29391.6365,1313.99072700495
"619","phusion","TiO2",19,29249.65025,1300.2709382413
"620","phusion","TiO2",20,29180.31675,1240.81758908723
"621","phusion","TiO2",21,29147.116,1273.31905351356
"622","phusion","TiO2",22,29045.26575,1243.29444350628
"623","phusion","TiO2",23,28934.066,1240.61164561222
"624","phusion","TiO2",24,28822.87025,1167.59440961873
"625","phusion","TiO2",25,28720.57275,1151.66386290369
"626","phusion","TiO2",26,28646.97275,1174.70099560339
"627","phusion","TiO2",27,28517.84025,1125.21266678715
"628","phusion","TiO2",28,28419.2445,1162.51813693594
"629","phusion","TiO2",29,28327.5905,1224.99376961912
"630","phusion","TiO2",30,28267.14,1229.34131310172
"631","phusion","TiO2",31,28177.8205,1137.41496389122
"632","phusion","TiO2",32,28055.62025,1057.34024667476
"633","phusion","TiO2",33,28013.2725,1052.83640258573
"634","phusion","TiO2",34,27974.806,1065.00818261489
"635","phusion","TiO2",35,27867.202,1158.32775501352
"636","phusion","TiO2",36,27800.84725,1247.52414035117
"637","phusion","TiO2",37,27739.23625,1246.67205485655
"638","phusion","TiO2",38,27625.62675,1102.83561688022
"639","phusion","TiO2",39,27491.38325,1044.83524759628
"640","phusion","TiO2",40,27457.28525,1045.27588377276
