"","id","snv","count","total","freq"
"1","NP10","AT",403,11459396,3.51676475793314e-05
"2","NP10","AG",2845,11459396,0.000248267884275925
"3","NP10","AC",407,11459396,3.5516706116099e-05
"7","NP13","AT",421,11202804,3.75798773235701e-05
"8","NP13","AG",3066,11202804,0.000273681481886142
"9","NP13","AC",436,11202804,3.89188278220346e-05
"10","NP14","AT",312,7613255,4.09811572054266e-05
"11","NP14","AG",2114,7613255,0.000277673610039333
"12","NP14","AC",252,7613255,3.31001654351522e-05
"13","NP15","AT",375,12074322,3.10576444789198e-05
"14","NP15","AG",1828,12074322,0.000151395664286574
"15","NP15","AC",296,12074322,2.45148340420274e-05
"16","NP17","AT",480,14239365,3.37093683601762e-05
"17","NP17","AG",2867,14239365,0.000201343248101302
"18","NP17","AC",385,14239365,2.70377225388913e-05
"19","NP19","AT",304,11216191,2.71036753921184e-05
"20","NP19","AG",908,11216191,8.09543988685642e-05
"21","NP19","AC",331,11216191,2.95109097197079e-05
"22","NP20","AT",288,12234191,2.3540583925819e-05
"23","NP20","AG",733,12234191,5.99140556167547e-05
"24","NP20","AC",260,12234191,2.12519160441422e-05
"25","NP22","AT",273,11842479,2.30526057930945e-05
"26","NP22","AG",712,11842479,6.01225469768619e-05
"27","NP22","AC",260,11842479,2.195486266009e-05
"28","NP24","AT",349,14312096,2.43849677922786e-05
"29","NP24","AG",802,14312096,5.60365162447206e-05
"30","NP24","AC",305,14312096,2.13106452052865e-05
"31","NP26","AT",338,13530388,2.49808061675689e-05
"32","NP26","AG",802,13530388,5.92739838650599e-05
"33","NP26","AC",236,13530388,1.74422196909653e-05
"34","NP46","AT",549,14140240,3.88253664718562e-05
"35","NP46","AG",3382,14140240,0.000239175572691835
"36","NP46","AC",456,14140240,3.22483918236183e-05
"40","NP49","AT",525,13073862,4.01564587418775e-05
"41","NP49","AG",3225,13073862,0.00024667538941439
"42","NP49","AC",431,13073862,3.29665404147604e-05
"43","NP50","AT",529,11932349,4.43332658137974e-05
"44","NP50","AG",3317,11932349,0.000277983823637743
"45","NP50","AC",344,11932349,2.88291936482917e-05
"46","NP51","AT",444,11515255,3.85575482262442e-05
"47","NP51","AG",2557,11515255,0.00022205326760024
"48","NP51","AC",357,11515255,3.10023529656964e-05
"49","NP53","AT",583,14545336,4.00815766648498e-05
"50","NP53","AG",3708,14545336,0.000254927077655683
"51","NP53","AC",499,14545336,3.43065295982162e-05
"52","NP55","AT",353,14750781,2.39309362670356e-05
"53","NP55","AG",999,14750781,6.77252275659167e-05
"54","NP55","AC",319,14750781,2.16259735670945e-05
"55","NP56","AT",320,11855518,2.69916506389683e-05
"56","NP56","AG",849,11855518,7.16122231015127e-05
"57","NP56","AC",258,11855518,2.17620183276682e-05
"58","NP58","AT",308,11402405,2.70118453080732e-05
"59","NP58","AG",780,11402405,6.84066212347307e-05
"60","NP58","AC",271,11402405,2.37669158392462e-05
"61","NP60","AT",275,12770299,2.15343430878165e-05
"62","NP60","AG",887,12770299,6.94580447959754e-05
"63","NP60","AC",300,12770299,2.34920106412544e-05
"64","NP62","AT",233,9975516,2.33571877384588e-05
"65","NP62","AG",660,9975516,6.61619910188105e-05
"66","NP62","AC",235,9975516,2.3557678620334e-05
"67","NP82","AT",458,11038791,4.14900508579246e-05
"68","NP82","AG",2569,11038791,0.000232724761253293
"69","NP82","AC",277,11038791,2.50933277022819e-05
"73","NP85","AT",877,21461624,4.0863636414467e-05
"74","NP85","AG",5148,21461624,0.000239870011700885
"75","NP85","AC",665,21461624,3.09855395845161e-05
"76","NP86","AT",726,16368700,4.43529418952024e-05
"77","NP86","AG",4799,16368700,0.000293181498836193
"78","NP86","AC",545,16368700,3.32952525246354e-05
"79","NP87","AT",380,10491063,3.62213056960958e-05
"80","NP87","AG",2143,10491063,0.000204269100280877
"81","NP87","AC",333,10491063,3.17413020968419e-05
"82","NP89","AT",479,12396778,3.86390721847241e-05
"83","NP89","AG",2998,12396778,0.000241837032170779
"84","NP89","AC",405,12396778,3.26697791958523e-05
"85","NP91","AT",273,9740227,2.80280942117673e-05
"86","NP91","AG",732,9740227,7.51522526117718e-05
"87","NP91","AC",200,9740227,2.05334023529431e-05
"88","NP92","AT",273,10665641,2.55962112356866e-05
"89","NP92","AG",805,10665641,7.54760074898452e-05
"90","NP92","AC",283,10665641,2.653380139084e-05
"91","NP94","AT",271,10007750,2.70790137643326e-05
"92","NP94","AG",779,10007750,7.78396742524543e-05
"93","NP94","AC",254,10007750,2.53803302440609e-05
"94","NP96","AT",310,12248223,2.5309793918677e-05
"95","NP96","AG",858,12248223,7.0050978007177e-05
"96","NP96","AC",299,12248223,2.44117044570465e-05
"97","NP98","AT",189,7179033,2.63266654436607e-05
"98","NP98","AG",365,7179033,5.08425020472813e-05
"99","NP98","AC",191,7179033,2.66052544959746e-05
"100","NP10","TA",291,11459396,2.53940085498398e-05
"101","NP10","TG",581,11459396,5.07007524654877e-05
"102","NP10","TC",1920,11459396,0.000167548097648428
"106","NP13","TA",317,11202804,2.82964872008829e-05
"107","NP13","TG",564,11202804,5.03445387422649e-05
"108","NP13","TC",2046,11202804,0.000182632847990557
"109","NP14","TA",218,7613255,2.86342700986635e-05
"110","NP14","TG",283,7613255,3.71720111831273e-05
"111","NP14","TC",1408,7613255,0.000184940606875771
"112","NP15","TA",284,12074322,2.35209894187019e-05
"113","NP15","TG",489,12074322,4.04991684005114e-05
"114","NP15","TC",1483,12074322,0.000122822631365968
"115","NP17","TA",408,14239365,2.86529631061497e-05
"116","NP17","TG",543,14239365,3.81337229574493e-05
"117","NP17","TC",2065,14239365,0.000145020511799508
"118","NP19","TA",235,11216191,2.09518543327231e-05
"119","NP19","TG",430,11216191,3.83374355875359e-05
"120","NP19","TC",552,11216191,4.92145684751624e-05
"121","NP20","TA",279,12234191,2.28049406781372e-05
"122","NP20","TG",441,12234191,3.60465191364104e-05
"123","NP20","TC",561,12234191,4.58550957721683e-05
"124","NP22","TA",252,11842479,2.12793284243949e-05
"125","NP22","TG",405,11842479,3.41989206820633e-05
"126","NP22","TC",520,11842479,4.390972532018e-05
"127","NP24","TA",291,14312096,2.03324516548799e-05
"128","NP24","TG",493,14312096,3.44463871678893e-05
"129","NP24","TC",631,14312096,4.40885807361829e-05
"130","NP26","TA",268,13530388,1.98072664287233e-05
"131","NP26","TG",463,13530388,3.42192699869361e-05
"132","NP26","TC",577,13530388,4.2644748990199e-05
"133","NP46","TA",426,14140240,3.01267870983802e-05
"134","NP46","TG",646,14140240,4.56852217501259e-05
"135","NP46","TC",2529,14140240,0.000178851278337567
"139","NP49","TA",394,13073862,3.01364661796185e-05
"140","NP49","TG",591,13073862,4.52046992694278e-05
"141","NP49","TC",2421,13073862,0.000185178641169686
"142","NP50","TA",410,11932349,3.43603761505802e-05
"143","NP50","TG",560,11932349,4.69312454739633e-05
"144","NP50","TC",2376,11932349,0.000199122570082387
"145","NP51","TA",307,11515255,2.66602867240022e-05
"146","NP51","TG",546,11515255,4.74153633593003e-05
"147","NP51","TC",1927,11515255,0.000167343232954893
"148","NP53","TA",513,14545336,3.52690374426552e-05
"149","NP53","TG",675,14545336,4.64066282140199e-05
"150","NP53","TC",2787,14545336,0.000191607811603665
"151","NP55","TA",304,14750781,2.0609078258297e-05
"152","NP55","TG",571,14750781,3.87098147548933e-05
"153","NP55","TC",684,14750781,4.63704260811682e-05
"154","NP56","TA",242,11855518,2.04124357957198e-05
"155","NP56","TG",460,11855518,3.88004977935169e-05
"156","NP56","TC",605,11855518,5.10310894892994e-05
"157","NP58","TA",228,11402405,1.99957815916905e-05
"158","NP58","TG",452,11402405,3.96407599975619e-05
"159","NP58","TC",588,11402405,5.15680683154124e-05
"160","NP60","TA",262,12770299,2.05163559600288e-05
"161","NP60","TG",558,12770299,4.36951397927331e-05
"162","NP60","TC",645,12770299,5.05078228786969e-05
"163","NP62","TA",192,9975516,1.92471246600176e-05
"164","NP62","TG",442,9975516,4.43084848944155e-05
"165","NP62","TC",502,9975516,5.0323211350671e-05
"166","NP82","TA",279,11038791,2.52745069636702e-05
"167","NP82","TG",201,11038791,1.82085157695258e-05
"168","NP82","TC",1955,11038791,0.00017710272800708
"172","NP85","TA",612,21461624,2.85160153770283e-05
"173","NP85","TG",895,21461624,4.17023427490855e-05
"174","NP85","TC",3918,21461624,0.000182558412168622
"175","NP86","TA",496,16368700,3.03017344077416e-05
"176","NP86","TG",778,16368700,4.75297366314979e-05
"177","NP86","TC",3338,16368700,0.000203925785187584
"178","NP87","TA",273,10491063,2.60221485658794e-05
"179","NP87","TG",458,10491063,4.36562052863471e-05
"180","NP87","TC",1623,10491063,0.000154703103012536
"181","NP89","TA",352,12396778,2.83944747578766e-05
"182","NP89","TG",561,12396778,4.52536941453658e-05
"183","NP89","TC",2184,12396778,0.000176174809293189
"184","NP91","TA",195,9740227,2.00200672941195e-05
"185","NP91","TG",410,9740227,4.20934748235334e-05
"186","NP91","TC",526,9740227,5.40028481882404e-05
"187","NP92","TA",221,10665641,2.07207424288892e-05
"188","NP92","TG",522,10665641,4.89422060990052e-05
"189","NP92","TC",688,10665641,6.45062026745509e-05
"190","NP94","TA",198,10007750,1.97846668831655e-05
"191","NP94","TG",421,10007750,4.20673977667308e-05
"192","NP94","TC",561,10007750,5.6056556168969e-05
"193","NP96","TA",289,12248223,2.35952594919279e-05
"194","NP96","TG",520,12248223,4.24551381861679e-05
"195","NP96","TC",714,12248223,5.8294170509469e-05
"196","NP98","TA",168,7179033,2.34014803943651e-05
"197","NP98","TG",332,7179033,4.62457826841024e-05
"198","NP98","TC",306,7179033,4.26241250040221e-05
"199","NP10","GA",2798,11459396,0.000244166446468906
"200","NP10","GT",663,11459396,5.78564524692226e-05
"201","NP10","GC",174,11459396,1.51840463493887e-05
"205","NP13","GA",2866,11202804,0.000255828808573282
"206","NP13","GT",645,11202804,5.75748714339731e-05
"207","NP13","GC",188,11202804,1.67815129140883e-05
"208","NP14","GA",2020,7613255,0.00026532672293257
"209","NP14","GT",364,7613255,4.78113500729977e-05
"210","NP14","GC",88,7613255,1.15587879297357e-05
"211","NP15","GA",2495,12074322,0.000206636861266413
"212","NP15","GT",676,12074322,5.59865804473328e-05
"213","NP15","GC",114,12074322,9.44152392159162e-06
"214","NP17","GA",3099,14239365,0.000217636109475387
"215","NP17","GT",762,14239365,5.35136222717797e-05
"216","NP17","GC",171,14239365,1.20089624783128e-05
"217","NP19","GA",1071,11216191,9.54869616610488e-05
"218","NP19","GT",699,11216191,6.23206220364828e-05
"219","NP19","GC",176,11216191,1.56916015428054e-05
"220","NP20","GA",1146,12234191,9.36719068714883e-05
"221","NP20","GT",666,12234191,5.44376003284565e-05
"222","NP20","GC",143,12234191,1.16885538242782e-05
"223","NP22","GA",969,11842479,8.18240842985662e-05
"224","NP22","GT",591,11842479,4.99050916619738e-05
"225","NP22","GC",105,11842479,8.86638684349789e-06
"226","NP24","GA",1299,14312096,9.07623872841546e-05
"227","NP24","GT",811,14312096,5.66653549556962e-05
"228","NP24","GC",150,14312096,1.04806451829278e-05
"229","NP26","GA",1204,13530388,8.89848835081448e-05
"230","NP26","GT",797,13530388,5.89044453122852e-05
"231","NP26","GC",142,13530388,1.04948948988011e-05
"232","NP46","GA",3397,14140240,0.000240236375054455
"233","NP46","GT",741,14140240,5.24036367133797e-05
"234","NP46","GC",149,14140240,1.05373034686823e-05
"238","NP49","GA",3314,13073862,0.000253482865277299
"239","NP49","GT",645,13073862,4.93350778828781e-05
"240","NP49","GC",148,13073862,1.13202969405674e-05
"241","NP50","GA",3244,11932349,0.00027186600056703
"242","NP50","GT",589,11932349,4.93616135431506e-05
"243","NP50","GC",155,11932349,1.29898983008291e-05
"244","NP51","GA",2848,11515255,0.0002473240931269
"245","NP51","GT",742,11515255,6.44362630267415e-05
"246","NP51","GC",142,11515255,1.23314681264114e-05
"247","NP53","GA",3635,14545336,0.000249908286752537
"248","NP53","GT",725,14545336,4.98441562298733e-05
"249","NP53","GC",198,14545336,1.36126109427792e-05
"250","NP55","GA",1581,14750781,0.000107180765547262
"251","NP55","GT",720,14750781,4.88109748222823e-05
"252","NP55","GC",144,14750781,9.76219496445646e-06
"253","NP56","GA",1401,11855518,0.000118172820453733
"254","NP56","GT",621,11855518,5.23806720212478e-05
"255","NP56","GC",117,11855518,9.86882226487278e-06
"256","NP58","GA",1260,11402405,0.000110503003533027
"257","NP58","GT",553,11402405,4.8498540439495e-05
"258","NP58","GC",103,11402405,9.03318203484265e-06
"259","NP60","GA",1316,12770299,0.000103051620012969
"260","NP60","GT",724,12770299,5.66940523475605e-05
"261","NP60","GC",119,12770299,9.31849755436423e-06
"262","NP62","GA",1073,9975516,0.000107563358126036
"263","NP62","GT",491,9975516,4.92205115003575e-05
"264","NP62","GC",97,9975516,9.72380777094639e-06
"265","NP82","GA",3269,11038791,0.000296137502739204
"266","NP82","GT",581,11038791,5.26325754333061e-05
"267","NP82","GC",266,11038791,2.40968417646461e-05
"271","NP85","GA",5164,21461624,0.000240615528442768
"272","NP85","GT",1284,21461624,5.98277185361182e-05
"273","NP85","GC",266,21461624,1.23942158338064e-05
"274","NP86","GA",4341,16368700,0.000265201268274206
"275","NP86","GT",951,16368700,5.80986883503271e-05
"276","NP86","GC",205,16368700,1.25239023257803e-05
"277","NP87","GA",2491,10491063,0.00023744019076046
"278","NP87","GT",737,10491063,7.02502692053227e-05
"279","NP87","GC",127,10491063,1.21055416405373e-05
"280","NP89","GA",3111,12396778,0.000250952303897029
"281","NP89","GT",932,12396778,7.5180825211196e-05
"282","NP89","GC",132,12396778,1.06479280342037e-05
"283","NP91","GA",959,9740227,9.84576642823622e-05
"284","NP91","GT",529,9740227,5.43108492235345e-05
"285","NP91","GC",99,9740227,1.01640341647068e-05
"286","NP92","GA",1281,10665641,0.000120105298875145
"287","NP92","GT",621,10665641,5.82243486350234e-05
"288","NP92","GC",137,10665641,1.2844985125601e-05
"289","NP94","GA",1056,10007750,0.000105518223376883
"290","NP94","GT",527,10007750,5.26591891284255e-05
"291","NP94","GC",102,10007750,1.01921011216307e-05
"292","NP96","GA",1263,12248223,0.000103116999094481
"293","NP96","GT",630,12248223,5.14360328024727e-05
"294","NP96","GC",149,12248223,1.21650299802673e-05
"295","NP98","GA",647,7179033,9.0123558423537e-05
"296","NP98","GT",374,7179033,5.20961527826937e-05
"297","NP98","GC",70,7179033,9.75061683098545e-06
"298","NP10","CA",566,11459396,4.93917829526094e-05
"299","NP10","CT",2013,11459396,0.000175663708628273
"300","NP10","CG",140,11459396,1.22170487868645e-05
"304","NP13","CA",573,11202804,5.11479090413436e-05
"305","NP13","CT",1961,11202804,0.000175045461832591
"306","NP13","CG",130,11202804,1.16042376533589e-05
"307","NP14","CA",350,7613255,4.5972451993267e-05
"308","NP14","CT",1206,7613255,0.000158407934582514
"309","NP14","CG",89,7613255,1.16901377925736e-05
"310","NP15","CA",627,12074322,5.19283815687539e-05
"311","NP15","CT",1626,12074322,0.000134665946460596
"312","NP15","CG",102,12074322,8.44767929826619e-06
"313","NP17","CA",707,14239365,4.96510904805095e-05
"314","NP17","CT",2121,14239365,0.000148953271441528
"315","NP17","CG",146,14239365,1.02532662095536e-05
"316","NP19","CA",604,11216191,5.38507234764458e-05
"317","NP19","CT",801,11216191,7.14146183851541e-05
"318","NP19","CG",121,11216191,1.07879760606787e-05
"319","NP20","CA",556,12234191,4.54464050790118e-05
"320","NP20","CT",667,12234191,5.45193384670879e-05
"321","NP20","CG",129,12234191,1.05442198834398e-05
"322","NP22","CA",569,11842479,4.80473725138124e-05
"323","NP22","CT",633,11842479,5.3451646399373e-05
"324","NP22","CG",106,11842479,8.95082862295977e-06
"325","NP24","CA",717,14312096,5.00974839743948e-05
"326","NP24","CT",794,14312096,5.54775485016311e-05
"327","NP24","CG",132,14312096,9.22296776097645e-06
"328","NP26","CA",724,13530388,5.35091824417748e-05
"329","NP26","CT",691,13530388,5.10702279934618e-05
"330","NP26","CG",118,13530388,8.72110984548263e-06
"331","NP46","CA",694,14140240,4.90797893105068e-05
"332","NP46","CT",2229,14140240,0.000157635231085187
"333","NP46","CG",153,14140240,1.0820184098714e-05
"337","NP49","CA",654,13073862,5.00234743184531e-05
"338","NP49","CT",2124,13073862,0.00016246155879571
"339","NP49","CG",122,13073862,9.33159612668391e-06
"340","NP50","CA",555,11932349,4.65122164965172e-05
"341","NP50","CT",1979,11932349,0.000165851669273167
"342","NP50","CG",140,11932349,1.17328113684908e-05
"343","NP51","CA",653,11515255,5.67073851165259e-05
"344","NP51","CT",1838,11515255,0.000159614355044678
"345","NP51","CG",108,11515255,9.37886308205941e-06
"346","NP53","CA",687,14545336,4.72316349378247e-05
"347","NP53","CT",2445,14545336,0.000168095119975228
"348","NP53","CG",150,14545336,1.031258404756e-05
"349","NP55","CA",720,14750781,4.88109748222823e-05
"350","NP55","CT",963,14750781,6.52846788248026e-05
"351","NP55","CG",123,14750781,8.33854153213989e-06
"352","NP56","CA",517,11855518,4.36083855635831e-05
"353","NP56","CT",836,11855518,7.05156872943046e-05
"354","NP56","CG",102,11855518,8.60358864117114e-06
"355","NP58","CA",508,11402405,4.45520045990298e-05
"356","NP58","CT",697,11402405,6.11274551289837e-05
"357","NP58","CG",82,11402405,7.19146530929221e-06
"358","NP60","CA",593,12770299,4.64358743675461e-05
"359","NP60","CT",769,12770299,6.02178539437487e-05
"360","NP60","CG",113,12770299,8.84865734153915e-06
"361","NP62","CA",453,9975516,4.5411184744729e-05
"362","NP62","CT",655,9975516,6.56607638141225e-05
"363","NP62","CG",99,9975516,9.92429865282157e-06
"364","NP82","CA",380,11038791,3.44240596637802e-05
"365","NP82","CT",1978,11038791,0.000179186289513045
"366","NP82","CG",150,11038791,1.35884446041238e-05
"370","NP85","CA",1131,21461624,5.26987146918612e-05
"371","NP85","CT",3385,21461624,0.000157723385704642
"372","NP85","CG",179,21461624,8.34046854981711e-06
"373","NP86","CA",843,16368700,5.15007300518673e-05
"374","NP86","CT",2641,16368700,0.000161344517279931
"375","NP86","CG",143,16368700,8.7361855248126e-06
"376","NP87","CA",604,10491063,5.75728122116891e-05
"377","NP87","CT",1639,10491063,0.000156228210620792
"378","NP87","CG",99,10491063,9.43660332608812e-06
"379","NP89","CA",748,12396778,6.03382588604878e-05
"380","NP89","CT",2006,12396778,0.000161816239671308
"381","NP89","CG",139,12396778,1.12125908845024e-05
"382","NP91","CA",430,9740227,4.41468150588277e-05
"383","NP91","CT",579,9740227,5.94441998117703e-05
"384","NP91","CG",83,9740227,8.52136197647139e-06
"385","NP92","CA",513,10665641,4.80983749593672e-05
"386","NP92","CT",777,10665641,7.28507550554158e-05
"387","NP92","CG",95,10665641,8.90710647395689e-06
"388","NP94","CA",503,10007750,5.02610476880418e-05
"389","NP94","CT",622,10007750,6.21518323299443e-05
"390","NP94","CG",81,10007750,8.093727361295e-06
"391","NP96","CA",583,12248223,4.75987414664152e-05
"392","NP96","CT",764,12248223,6.23763953350621e-05
"393","NP96","CG",99,12248223,8.08280515467427e-06
"394","NP98","CA",351,7179033,4.88923786810842e-05
"395","NP98","CT",339,7179033,4.7220844367201e-05
"396","NP98","CG",67,7179033,9.33273325251465e-06
